﻿<?xml version="1.0" encoding="UTF-8" ?>
<root>
<construction>
  <mt id="1" name="金属软管DN25" projectname="铺设金属软管DN25" spec="DN25" unit="米" formula="数量" linetype="Continuous" linewide="中线" colour="255,0,0"/>
  <mt id="2" name="金属软管DN50" projectname="铺设金属软管DN50" spec="DN50" unit="米" formula="数量" linetype="Continuous" linewide="中线" colour="255,0,0"/>
  <mt id="3" name="钢管DN25" projectname="铺设钢管DN25" spec="DN25" unit="米" formula="数量" linetype="Continuous" linewide="中线" colour="255,0,0"/>
  <mt id="4" name="钢管DN32" projectname="铺设钢管DN32" spec="DN32" unit="米" formula="数量" linetype="Continuous" linewide="中线" colour="255,0,0"/>
  <mt id="5" name="钢管DN50" projectname="铺设钢管DN50" spec="DN50" unit="米" formula="数量" linetype="Continuous" linewide="中线" colour="255,0,0"/>
  <mt id="6" name="钢管DN100" projectname="铺设钢管DN100" spec="DN100" unit="米" formula="数量" linetype="Continuous" linewide="中线" colour="255,0,0"/>
  <mt id="7" name="塑料管DN32" projectname="铺设塑料管DN32" spec="DN32" unit="米" formula="数量" linetype="Continuous" linewide="中细线" colour="255,255,0"/>
  <mt id="8" name="塑料管DN50" projectname="铺设塑料管DN50" spec="DN50" unit="米" formula="数量" linetype="Continuous" linewide="中细线" colour="255,0,0"/>
  <mt id="9" name="塑料管DN80" projectname="铺设塑料管DN80" spec="DN80" unit="米" formula="数量" linetype="Continuous" linewide="中细线" colour="255,0,0"/>
    </construction>
</root>